[
  {
    "id": "123e5aec-789b-41a4-9be4-f4573314ed7e",
    "data": [
      {
        "text": "that\u0027s correct",
        "userDefined": false
      }
    ],
    "isTemplate": false,
    "count": 0,
    "updated": 1519575700
  },
  {
    "id": "a044f133-3e80-439e-a6e4-e3c1a832af4f",
    "data": [
      {
        "text": "of course",
        "userDefined": false
      }
    ],
    "isTemplate": false,
    "count": 0,
    "updated": 1519575700
  },
  {
    "id": "47d79689-5a9d-4eab-9760-fd3622aa44ef",
    "data": [
      {
        "text": "I don\u0027t mind",
        "userDefined": false
      }
    ],
    "isTemplate": false,
    "count": 0,
    "updated": 1519575700
  },
  {
    "id": "e677af6e-8be5-43ed-ab31-dd0275de0e73",
    "data": [
      {
        "text": "I agree",
        "userDefined": false
      }
    ],
    "isTemplate": false,
    "count": 1,
    "updated": 1519575700
  },
  {
    "id": "6f710441-0d0b-47fb-ac48-63d177d49128",
    "data": [
      {
        "text": "sounds good",
        "userDefined": false
      }
    ],
    "isTemplate": false,
    "count": 0,
    "updated": 1519575700
  },
  {
    "id": "fe6977c0-85bf-4938-a352-c5683afb468b",
    "data": [
      {
        "text": "exactly",
        "userDefined": false
      }
    ],
    "isTemplate": false,
    "count": 0,
    "updated": 1519575700
  },
  {
    "id": "25e2011e-1c96-4882-ae67-2ad892e410ed",
    "data": [
      {
        "text": "yes",
        "userDefined": false
      }
    ],
    "isTemplate": false,
    "count": 0,
    "updated": 1519575700
  },
  {
    "id": "3fcff6f0-ea60-4898-939b-d3cb9ad381d3",
    "data": [
      {
        "text": "do it",
        "userDefined": false
      }
    ],
    "isTemplate": false,
    "count": 1,
    "updated": 1519575700
  },
  {
    "id": "ea7ceecc-8cc4-4217-a6d3-96e454d0dc82",
    "data": [
      {
        "text": "ok",
        "userDefined": false
      }
    ],
    "isTemplate": false,
    "count": 0,
    "updated": 1519575700
  },
  {
    "id": "3d66e5b6-d82c-4989-a6cc-e39ebfefd62e",
    "data": [
      {
        "text": "confirm",
        "userDefined": false
      }
    ],
    "isTemplate": false,
    "count": 1,
    "updated": 1519575700
  },
  {
    "id": "eb8f7d03-0fae-408b-b62d-66952f21c2b2",
    "data": [
      {
        "text": "sure",
        "userDefined": false
      }
    ],
    "isTemplate": false,
    "count": 2,
    "updated": 1519575700
  },
  {
    "id": "af6804ea-f4dd-4ad7-8539-3c7db87eb654",
    "data": [
      {
        "text": "okay",
        "userDefined": false
      }
    ],
    "isTemplate": false,
    "count": 0,
    "updated": 1519575700
  }
]