[
  {
    "id": "e73f6741-55df-478e-a02e-47959d679d21",
    "data": [
      {
        "text": "I want to buy a mobile phone.",
        "userDefined": false
      }
    ],
    "isTemplate": false,
    "count": 0,
    "updated": 1519574544
  },
  {
    "id": "e9b13be8-7972-45dd-8a3a-7bac956a14d7",
    "data": [
      {
        "text": "I\u0027m going to Apple to buy an ",
        "userDefined": false
      },
      {
        "text": "iPhone 10",
        "alias": "ProductName",
        "meta": "@ProductName",
        "userDefined": true
      },
      {
        "text": ".",
        "userDefined": false
      }
    ],
    "isTemplate": false,
    "count": 0,
    "updated": 1519574544
  },
  {
    "id": "de20d37c-fccf-4fe6-9bed-c1f8e6220b7e",
    "data": [
      {
        "text": "I want to buy an ",
        "userDefined": false
      },
      {
        "text": "iPhone",
        "alias": "ProductName",
        "meta": "@ProductName",
        "userDefined": true
      },
      {
        "text": " through apple online store.",
        "userDefined": false
      }
    ],
    "isTemplate": false,
    "count": 0,
    "updated": 1519574544
  }
]