[
  {
    "id": "15275c4c-b2a8-4cc5-9a6f-422e45b2cd3f",
    "data": [
      {
        "text": "sure",
        "userDefined": false
      }
    ],
    "isTemplate": false,
    "count": 2,
    "updated": 1518701506
  },
  {
    "id": "ec2e9a46-75f6-45e5-adf9-f22477cb43f3",
    "data": [
      {
        "text": "that\u0027s correct",
        "userDefined": false
      }
    ],
    "isTemplate": false,
    "count": 0,
    "updated": 1518701506
  },
  {
    "id": "7c62184c-c351-449c-b69d-2fb3ad9f2b65",
    "data": [
      {
        "text": "of course",
        "userDefined": false
      }
    ],
    "isTemplate": false,
    "count": 0,
    "updated": 1518701506
  },
  {
    "id": "7a58ed9b-50f9-48fd-ad8b-a0e3210cd741",
    "data": [
      {
        "text": "I don\u0027t mind",
        "userDefined": false
      }
    ],
    "isTemplate": false,
    "count": 0,
    "updated": 1518701506
  },
  {
    "id": "d97a9631-748e-4f27-a65b-6a3fbc316c46",
    "data": [
      {
        "text": "I agree",
        "userDefined": false
      }
    ],
    "isTemplate": false,
    "count": 1,
    "updated": 1518701506
  },
  {
    "id": "63fc31a3-7804-48d7-ad3f-2ad93c7895f0",
    "data": [
      {
        "text": "sounds good",
        "userDefined": false
      }
    ],
    "isTemplate": false,
    "count": 0,
    "updated": 1518701506
  },
  {
    "id": "b43535b0-c7a3-473f-a2a6-3e627ff7390f",
    "data": [
      {
        "text": "exactly",
        "userDefined": false
      }
    ],
    "isTemplate": false,
    "count": 0,
    "updated": 1518701506
  },
  {
    "id": "a5509a65-7fff-49c6-a858-de45aee1e57f",
    "data": [
      {
        "text": "yes",
        "userDefined": false
      }
    ],
    "isTemplate": false,
    "count": 0,
    "updated": 1518701506
  },
  {
    "id": "ec5e4748-5eb7-4e6a-b9da-0f89a4c5ee40",
    "data": [
      {
        "text": "do it",
        "userDefined": false
      }
    ],
    "isTemplate": false,
    "count": 1,
    "updated": 1518701506
  },
  {
    "id": "92a987c6-8f79-4f87-ae89-f1dfa5500f00",
    "data": [
      {
        "text": "ok",
        "userDefined": false
      }
    ],
    "isTemplate": false,
    "count": 0,
    "updated": 1518701506
  },
  {
    "id": "e7701e6d-12e4-46c6-890a-3267e0c9cb8b",
    "data": [
      {
        "text": "confirm",
        "userDefined": false
      }
    ],
    "isTemplate": false,
    "count": 2,
    "updated": 1518701506
  },
  {
    "id": "4a76322d-0934-45c5-8e0b-7bd4364d14b5",
    "data": [
      {
        "text": "okay",
        "userDefined": false
      }
    ],
    "isTemplate": false,
    "count": 0,
    "updated": 1518701506
  }
]